Incident energy ; 
Incident energy ; 
Incident energy ; σ(E)
1.0E-5 ; 0.1942254
1.0625E-5 ; 0.1884263
1.125E-5 ; 0.1831175
1.1875E-5 ; 0.1782335
1.25E-5 ; 0.1737205
1.375E-5 ; 0.165636
1.5E-5 ; 0.1585844
1.625E-5 ; 0.152363
1.75E-5 ; 0.1468206
1.875E-5 ; 0.1418422
2.0E-5 ; 0.1373381
2.1875E-5 ; 0.1313203
2.375E-5 ; 0.1260301
2.5625E-5 ; 0.1213317
2.75E-5 ; 0.1171223
2.9375E-5 ; 0.1133228
3.125E-5 ; 0.1098705
3.3125E-5 ; 0.1067156
3.5E-5 ; 0.1038178
3.875E-5 ; 0.0986666
4.25E-5 ; 0.09421316
4.625E-5 ; 0.09031298
5.0E-5 ; 0.08686025
5.3125E-5 ; 0.08426682
5.625E-5 ; 0.08189263
5.9375E-5 ; 0.07970843
6.25E-5 ; 0.07769017
6.875E-5 ; 0.07407467
7.5E-5 ; 0.07092109
8.125E-5 ; 0.06813878
8.75E-5 ; 0.06566017
9.375E-5 ; 0.06343376
1.0E-4 ; 0.06141947
1.0625E-4 ; 0.05958564
1.125E-4 ; 0.05790683
1.1875E-4 ; 0.05636237
1.25E-4 ; 0.05493524
1.375E-4 ; 0.0523787
1.5E-4 ; 0.05014878
1.625E-4 ; 0.04818139
1.75E-4 ; 0.04642875
1.875E-4 ; 0.04485443
2.0E-4 ; 0.04343012
2.1875E-4 ; 0.04152713
2.375E-4 ; 0.03985421
2.5625E-4 ; 0.03836843
2.75E-4 ; 0.03703733
2.9375E-4 ; 0.03583579
3.125E-4 ; 0.03474409
3.3125E-4 ; 0.03374645
3.5E-4 ; 0.03283008
3.875E-4 ; 0.03120111
4.25E-4 ; 0.02979281
4.625E-4 ; 0.02855946
5.0E-4 ; 0.02746761
5.3125E-4 ; 0.02664749
5.625E-4 ; 0.02589671
5.9375E-4 ; 0.025206
6.25E-4 ; 0.02456777
6.875E-4 ; 0.02342445
7.5E-4 ; 0.0224272
8.125E-4 ; 0.02154736
8.75E-4 ; 0.02076355
9.375E-4 ; 0.02005949
0.001 ; 0.01942252
0.0010625 ; 0.01884261
0.001125 ; 0.01831172
0.0011875 ; 0.01782332
0.00125 ; 0.01737202
0.001375 ; 0.01656357
0.0015 ; 0.01585841
0.001625 ; 0.01523626
0.00175 ; 0.01468202
0.001875 ; 0.01418418
0.002 ; 0.01373377
0.0021875 ; 0.01313199
0.002375 ; 0.01260296
0.0025625 ; 0.01213311
0.00275 ; 0.01171217
0.0029375 ; 0.01133221
0.003125 ; 0.01098698
0.0033125 ; 0.01067149
0.0035 ; 0.01038171
0.003875 ; 0.00986658
0.00425 ; 0.009421228
0.004625 ; 0.009031204
0.005 ; 0.008685925
0.0053125 ; 0.008426577
0.005625 ; 0.008189153
0.0059375 ; 0.00797073
0.00625 ; 0.0077689
0.006875 ; 0.007407342
0.0075 ; 0.007091979
0.008125 ; 0.006813743
0.00875 ; 0.006565877
0.009375 ; 0.006343232
0.01 ; 0.006141801
0.010625 ; 0.005958416
0.01125 ; 0.005790535
0.011875 ; 0.005636089
0.0125 ; 0.005493377
0.01375 ; 0.005237727
0.015 ; 0.005014744
0.01625 ; 0.004818016
0.0175 ; 0.004642765
0.01875 ; 0.004485348
0.02 ; 0.004342933
0.021325 ; 0.004205863
0.02265 ; 0.004081005
0.023975 ; 0.003966646
0.0253 ; 0.003861391
0.02684375 ; 0.003748727
0.0283875 ; 0.00364538
0.031475 ; 0.003461976
0.0345625 ; 0.003303719
0.03765 ; 0.003165343
0.0407375 ; 0.003043008
0.043825 ; 0.002933842
0.0469125 ; 0.002835642
0.05 ; 0.002746692
0.053125 ; 0.002664684
0.05625 ; 0.002589613
0.059375 ; 0.002520553
0.0625 ; 0.00245674
0.06875 ; 0.002342417
0.075 ; 0.002242685
0.08125 ; 0.002154679
0.0875 ; 0.002076273
0.09375 ; 0.002005848
0.1 ; 0.001942145
0.10625 ; 0.001884164
0.1125 ; 0.001831099
0.11875 ; 0.001782289
0.125 ; 0.00173719
0.1375 ; 0.001656388
0.15 ; 0.001585881
0.1625 ; 0.001523654
0.175 ; 0.00146822
0.1875 ; 0.001418436
0.2 ; 0.001373403
0.21875 ; 0.001313228
0.2375 ; 0.001260304
0.25625 ; 0.001213281
0.275 ; 0.001171153
0.29375 ; 0.001133145
0.3125 ; 0.001098643
0.33125 ; 0.001067147
0.35 ; 0.001038234
0.3875 ; 9.868019E-4
0.425 ; 9.422611E-4
0.5 ; 8.688345E-4
0.625 ; 7.771081E-4
0.75 ; 7.092702E-4
0.875 ; 6.568494E-4
1.0 ; 6.145656E-4
1.25 ; 5.494979E-4
1.5 ; 5.015241E-4
1.75 ; 4.644486E-4
2.0 ; 4.344781E-4
2.375 ; 3.987162E-4
2.75 ; 3.706225E-4
3.125 ; 3.476001E-4
3.5 ; 3.284005E-4
4.25 ; 2.979582E-4
5.0 ; 2.747226E-4
6.25 ; 2.457181E-4
7.5 ; 2.242762E-4
8.75 ; 2.076628E-4
10.0 ; 1.942746E-4
12.5 ; 1.737313E-4
15.0 ; 1.585764E-4
17.5 ; 1.468238E-4
20.0 ; 1.373446E-4
23.75 ; 1.260325E-4
27.5 ; 1.171329E-4
31.25 ; 1.098712E-4
35.0 ; 1.038122E-4
42.5 ; 9.420023E-5
50.0 ; 8.684899E-5
62.5 ; 7.767913E-5
75.0 ; 7.090708E-5
87.5 ; 6.564901E-5
100.0 ; 6.141121E-5
125.0 ; 5.492415E-5
150.0 ; 5.013664E-5
175.0 ; 4.641837E-5
200.0 ; 4.342071E-5
237.5 ; 3.984507E-5
275.0 ; 3.702962E-5
312.5 ; 3.473589E-5
350.0 ; 3.282166E-5
425.0 ; 2.978434E-5
500.0 ; 2.746293E-5
625.0 ; 2.516043E-5
750.0 ; 2.342552E-5
875.0 ; 2.205273E-5
1000.0 ; 2.092873E-5
1250.0 ; 1.914834E-5
1500.0 ; 1.780667E-5
1750.0 ; 1.674611E-5
2000.0 ; 1.587944E-5
2750.0 ; 1.444395E-5
3500.0 ; 1.344441E-5
4250.0 ; 1.269021E-5
5000.0 ; 1.209222E-5
6250.0 ; 1.171673E-5
7500.0 ; 1.141916E-5
8750.0 ; 1.117349E-5
10000.0 ; 1.096528E-5
12500.0 ; 1.091074E-5
15000.0 ; 1.086667E-5
17500.0 ; 1.082956E-5
20000.0 ; 1.079798E-5
22500.0 ; 1.109166E-5
25000.0 ; 1.136163E-5
27500.0 ; 1.16115E-5
30000.0 ; 1.18444E-5
32500.0 ; 1.206278E-5
35000.0 ; 1.226854E-5
40000.0 ; 1.26482E-5
45000.0 ; 1.299284E-5
50000.0 ; 1.330927E-5
62500.0 ; 1.441323E-5
75000.0 ; 1.538306E-5
87500.0 ; 1.625378E-5
100000.0 ; 1.704774E-5
125000.0 ; 1.839744E-5
130000.0 ; 1.864548E-5
135000.0 ; 1.888731E-5
140000.0 ; 1.91233E-5
142500.0 ; 1.923923E-5
145000.0 ; 1.935382E-5
150000.0 ; 1.957916E-5
151000.0 ; 1.962363E-5
152000.0 ; 1.96679E-5
152900.0 ; 1.970759E-5
154000.0 ; 1.975589E-5
155000.0 ; 1.979959E-5
156000.0 ; 1.984312E-5
158000.0 ; 1.992962E-5
160000.0 ; 2.00154E-5
165000.0 ; 2.02268E-5
170000.0 ; 2.043403E-5
175000.0 ; 2.063728E-5
180000.0 ; 2.083673E-5
200000.0 ; 2.159958E-5
225000.0 ; 2.165101E-5
250000.0 ; 2.169674E-5
275000.0 ; 2.173819E-5
300000.0 ; 2.17761E-5
325000.0 ; 2.181103E-5
350000.0 ; 2.184342E-5
375000.0 ; 2.187362E-5
400000.0 ; 2.190191E-5
425000.0 ; 2.192852E-5
450000.0 ; 2.195363E-5
475000.0 ; 2.197741E-5
500000.0 ; 2.199999E-5
525000.0 ; 2.200702E-5
550000.0 ; 2.201372E-5
575000.0 ; 2.202013E-5
600000.0 ; 2.202626E-5
625000.0 ; 2.203214E-5
650000.0 ; 2.20378E-5
675000.0 ; 2.204324E-5
700000.0 ; 2.204849E-5
725000.0 ; 2.205355E-5
750000.0 ; 2.205844E-5
775000.0 ; 2.206317E-5
800000.0 ; 2.206776E-5
825000.0 ; 2.20722E-5
850000.0 ; 2.207651E-5
875000.0 ; 2.20807E-5
900000.0 ; 2.208477E-5
925000.0 ; 2.208873E-5
950000.0 ; 2.209258E-5
975000.0 ; 2.209634E-5
1000000.0 ; 2.21E-5
1050000.0 ; 2.210114E-5
1100000.0 ; 2.210223E-5
1150000.0 ; 2.210327E-5
1200000.0 ; 2.210427E-5
1250000.0 ; 2.210522E-5
1300000.0 ; 2.210614E-5
1350000.0 ; 2.210702E-5
1400000.0 ; 2.210788E-5
1450000.0 ; 2.21087E-5
1500000.0 ; 2.210949E-5
1550000.0 ; 2.211026E-5
1600000.0 ; 2.2111E-5
1650000.0 ; 2.211172E-5
1680000.0 ; 2.211215E-5
1700000.0 ; 2.211242E-5
1710000.0 ; 2.211256E-5
1720000.0 ; 2.21127E-5
1730000.0 ; 2.211283E-5
1736000.0 ; 2.211291E-5
1740000.0 ; 2.211297E-5
1750000.0 ; 2.21131E-5
1760000.0 ; 2.211323E-5
1770000.0 ; 2.211337E-5
1780000.0 ; 2.21135E-5
1790000.0 ; 2.211363E-5
1800000.0 ; 2.211376E-5
1820000.0 ; 2.211402E-5
1850000.0 ; 2.21144E-5
1900000.0 ; 2.211503E-5
1950000.0 ; 2.211564E-5
2000000.0 ; 2.211623E-5
2025000.0 ; 2.211652E-5
2050000.0 ; 2.211681E-5
2052000.0 ; 2.211683E-5
2053000.0 ; 2.211684E-5
2054000.0 ; 2.211685E-5
2056000.0 ; 2.211688E-5
2058000.0 ; 2.21169E-5
2060000.0 ; 2.211692E-5
2061000.0 ; 2.211693E-5
2062000.0 ; 2.211694E-5
2063000.0 ; 2.211696E-5
2064000.0 ; 2.211697E-5
2065000.0 ; 2.211698E-5
2066000.0 ; 2.211699E-5
2067000.0 ; 2.2117E-5
2068000.0 ; 2.211701E-5
2069000.0 ; 2.211702E-5
2070000.0 ; 2.211703E-5
2071000.0 ; 2.211705E-5
2072000.0 ; 2.211706E-5
2073000.0 ; 2.211707E-5
2074000.0 ; 2.211708E-5
2075000.0 ; 2.211709E-5
2076000.0 ; 2.21171E-5
2077000.0 ; 2.211711E-5
2078000.0 ; 2.211712E-5
2079000.0 ; 2.211714E-5
2080000.0 ; 2.211715E-5
2081000.0 ; 2.211716E-5
2082000.0 ; 2.211717E-5
2083000.0 ; 2.211718E-5
2084000.0 ; 2.211719E-5
2085000.0 ; 2.21172E-5
2086000.0 ; 2.211721E-5
2087000.0 ; 2.211723E-5
2088000.0 ; 2.211724E-5
2089000.0 ; 2.211725E-5
2090000.0 ; 2.211726E-5
2091000.0 ; 2.211727E-5
2092000.0 ; 2.211728E-5
2093000.0 ; 2.211729E-5
2094000.0 ; 2.21173E-5
2095000.0 ; 2.211732E-5
2096000.0 ; 2.211733E-5
2097000.0 ; 2.211734E-5
2098000.0 ; 2.211735E-5
2099000.0 ; 2.211736E-5
2100000.0 ; 2.211737E-5
2102000.0 ; 2.211739E-5
2104000.0 ; 2.211742E-5
2106000.0 ; 2.211744E-5
2108000.0 ; 2.211746E-5
2110000.0 ; 2.211748E-5
2112000.0 ; 2.21175E-5
2114000.0 ; 2.211753E-5
2116000.0 ; 2.211755E-5
2118000.0 ; 2.211757E-5
2120000.0 ; 2.211759E-5
2140000.0 ; 2.211781E-5
2160000.0 ; 2.211803E-5
2180000.0 ; 2.211825E-5
2200000.0 ; 2.211846E-5
2220000.0 ; 2.211867E-5
2240000.0 ; 2.211888E-5
2260000.0 ; 2.211909E-5
2280000.0 ; 2.21193E-5
2300000.0 ; 2.21195E-5
2320000.0 ; 2.211971E-5
2340000.0 ; 2.211991E-5
2360000.0 ; 2.212011E-5
2380000.0 ; 2.21203E-5
2400000.0 ; 2.21205E-5
2420000.0 ; 2.212069E-5
2440000.0 ; 2.212089E-5
2460000.0 ; 2.212108E-5
2480000.0 ; 2.212127E-5
2500000.0 ; 2.212146E-5
2520000.0 ; 2.212164E-5
2540000.0 ; 2.212183E-5
2553000.0 ; 2.212195E-5
2560000.0 ; 2.212201E-5
2580000.0 ; 2.212219E-5
2600000.0 ; 2.212237E-5
2620000.0 ; 2.212255E-5
2640000.0 ; 2.212273E-5
2660000.0 ; 2.212291E-5
2680000.0 ; 2.212308E-5
2700000.0 ; 2.212326E-5
2720000.0 ; 2.212343E-5
2740000.0 ; 2.21236E-5
2760000.0 ; 2.212377E-5
2780000.0 ; 2.212394E-5
2785000.0 ; 2.212398E-5
2790000.0 ; 2.212403E-5
2795000.0 ; 2.212407E-5
2800000.0 ; 2.212411E-5
2802000.0 ; 2.212413E-5
2804000.0 ; 2.212414E-5
2806000.0 ; 2.212416E-5
2808000.0 ; 2.212418E-5
2810000.0 ; 2.212419E-5
2811000.0 ; 2.21242E-5
2812000.0 ; 2.212421E-5
2813000.0 ; 2.212422E-5
2814000.0 ; 2.212423E-5
2815000.0 ; 2.212424E-5
2816000.0 ; 2.212424E-5
2817000.0 ; 2.212425E-5
2818000.0 ; 2.212426E-5
2819000.0 ; 2.212427E-5
2820000.0 ; 2.212428E-5
2822000.0 ; 2.212429E-5
2824000.0 ; 2.212431E-5
2826000.0 ; 2.212433E-5
2828000.0 ; 2.212434E-5
2830000.0 ; 2.212436E-5
2835000.0 ; 2.21244E-5
2840000.0 ; 2.212444E-5
2845000.0 ; 2.212448E-5
2850000.0 ; 2.212453E-5
2855000.0 ; 2.212457E-5
2860000.0 ; 2.212461E-5
2865000.0 ; 2.212465E-5
2870000.0 ; 2.212469E-5
2875000.0 ; 2.212473E-5
2880000.0 ; 2.212477E-5
2885000.0 ; 2.212481E-5
2890000.0 ; 2.212485E-5
2895000.0 ; 2.212489E-5
2900000.0 ; 2.212493E-5
2905000.0 ; 2.212497E-5
2910000.0 ; 2.212501E-5
2915000.0 ; 2.212505E-5
2920000.0 ; 2.212509E-5
2924000.0 ; 2.212513E-5
2928000.0 ; 2.212516E-5
2932000.0 ; 2.212519E-5
2936000.0 ; 2.212522E-5
2940000.0 ; 2.212525E-5
2944000.0 ; 2.212529E-5
2948000.0 ; 2.212532E-5
2952000.0 ; 2.212535E-5
2956000.0 ; 2.212538E-5
2960000.0 ; 2.212541E-5
2964000.0 ; 2.212544E-5
2968000.0 ; 2.212548E-5
2972000.0 ; 2.212551E-5
2976000.0 ; 2.212554E-5
2980000.0 ; 2.212557E-5
2984000.0 ; 2.21256E-5
2988000.0 ; 2.212563E-5
2992000.0 ; 2.212566E-5
2996000.0 ; 2.21257E-5
3000000.0 ; 2.212573E-5
3010000.0 ; 2.212581E-5
3020000.0 ; 2.212588E-5
3030000.0 ; 2.212596E-5
3040000.0 ; 2.212604E-5
3050000.0 ; 2.212611E-5
3053000.0 ; 2.212614E-5
3060000.0 ; 2.212619E-5
3080000.0 ; 2.212634E-5
3100000.0 ; 2.21265E-5
3120000.0 ; 2.212665E-5
3140000.0 ; 2.21268E-5
3160000.0 ; 2.212694E-5
3180000.0 ; 2.212709E-5
3200000.0 ; 2.212724E-5
3220000.0 ; 2.212739E-5
3240000.0 ; 2.212753E-5
3260000.0 ; 2.212767E-5
3280000.0 ; 2.212782E-5
3300000.0 ; 2.212796E-5
3320000.0 ; 2.21281E-5
3340000.0 ; 2.212824E-5
3360000.0 ; 2.212838E-5
3380000.0 ; 2.212852E-5
3400000.0 ; 2.212866E-5
3420000.0 ; 2.21288E-5
3440000.0 ; 2.212893E-5
3460000.0 ; 2.212907E-5
3480000.0 ; 2.212921E-5
3500000.0 ; 2.212934E-5
3520000.0 ; 2.212947E-5
3540000.0 ; 2.212961E-5
3553000.0 ; 2.212969E-5
3560000.0 ; 2.212974E-5
3580000.0 ; 2.212987E-5
3600000.0 ; 2.213E-5
3620000.0 ; 2.213013E-5
3640000.0 ; 2.213026E-5
3660000.0 ; 2.213039E-5
3680000.0 ; 2.213051E-5
3700000.0 ; 2.213064E-5
3720000.0 ; 2.213077E-5
3740000.0 ; 2.213089E-5
3760000.0 ; 2.213102E-5
3780000.0 ; 2.213114E-5
3800000.0 ; 2.213127E-5
3820000.0 ; 2.213139E-5
3840000.0 ; 2.213151E-5
3860000.0 ; 2.213163E-5
3880000.0 ; 2.213176E-5
3900000.0 ; 2.213188E-5
3920000.0 ; 2.2132E-5
3940000.0 ; 2.213211E-5
3960000.0 ; 2.213223E-5
3980000.0 ; 2.213235E-5
4000000.0 ; 2.213247E-5
4010000.0 ; 2.213253E-5
4020000.0 ; 2.213259E-5
4030000.0 ; 2.213264E-5
4040000.0 ; 2.21327E-5
4050000.0 ; 2.213276E-5
4053000.0 ; 2.213278E-5
4060000.0 ; 2.213282E-5
4070000.0 ; 2.213288E-5
4080000.0 ; 2.213293E-5
4090000.0 ; 2.213299E-5
4100000.0 ; 2.213305E-5
4110000.0 ; 2.213311E-5
4120000.0 ; 2.213316E-5
4130000.0 ; 2.213322E-5
4140000.0 ; 2.213328E-5
4150000.0 ; 2.213333E-5
4160000.0 ; 2.213339E-5
4170000.0 ; 2.213344E-5
4180000.0 ; 2.21335E-5
4190000.0 ; 2.213356E-5
4200000.0 ; 2.213361E-5
4210000.0 ; 2.213367E-5
4220000.0 ; 2.213372E-5
4230000.0 ; 2.213378E-5
4240000.0 ; 2.213383E-5
4250000.0 ; 2.213389E-5
4260000.0 ; 2.213395E-5
4270000.0 ; 2.2134E-5
4280000.0 ; 2.213406E-5
4290000.0 ; 2.213411E-5
4300000.0 ; 2.213416E-5
4310000.0 ; 2.213422E-5
4320000.0 ; 2.213427E-5
4330000.0 ; 2.213433E-5
4340000.0 ; 2.213438E-5
4350000.0 ; 2.213444E-5
4360000.0 ; 2.213449E-5
4370000.0 ; 2.213454E-5
4380000.0 ; 2.21346E-5
4390000.0 ; 2.213465E-5
4400000.0 ; 2.21347E-5
4420000.0 ; 2.213481E-5
4440000.0 ; 2.213492E-5
4460000.0 ; 2.213502E-5
4480000.0 ; 2.213513E-5
4500000.0 ; 2.213523E-5
4520000.0 ; 2.213533E-5
4540000.0 ; 2.213544E-5
4553000.0 ; 2.21355E-5
4560000.0 ; 2.213554E-5
4580000.0 ; 2.213564E-5
4600000.0 ; 2.213575E-5
4620000.0 ; 2.213585E-5
4640000.0 ; 2.213595E-5
4660000.0 ; 2.213605E-5
4680000.0 ; 2.213615E-5
4700000.0 ; 2.213625E-5
4720000.0 ; 2.213635E-5
4740000.0 ; 2.213645E-5
4760000.0 ; 2.213655E-5
4780000.0 ; 2.213665E-5
4800000.0 ; 2.213674E-5
4810000.0 ; 2.213679E-5
4812000.0 ; 2.21368E-5
4812089.0 ; 2.21368E-5
4820000.0 ; 2.213684E-5
4850000.0 ; 2.213699E-5
4899900.0 ; 2.213723E-5
4900000.0 ; 2.213723E-5
4919400.0 ; 2.213732E-5
4920000.0 ; 2.213732E-5
4930000.0 ; 2.213737E-5
4934500.0 ; 2.213739E-5
4935500.0 ; 2.21374E-5
4936700.0 ; 2.21374E-5
4938500.0 ; 2.213741E-5
4939500.0 ; 2.213741E-5
4940000.0 ; 2.213742E-5
4943200.0 ; 2.213743E-5
4948100.0 ; 2.213746E-5
4950000.0 ; 2.213746E-5
4954600.0 ; 2.213749E-5
4958400.0 ; 2.21375E-5
4980000.0 ; 2.213761E-5
4990000.0 ; 2.213765E-5
5000000.0 ; 2.21377E-5
5001000.0 ; 2.214432E-5
5030000.0 ; 2.233654E-5
5053000.0 ; 2.248938E-5
5100000.0 ; 2.280279E-5
5120000.0 ; 2.293658E-5
5150000.0 ; 2.313777E-5
5180000.0 ; 2.333953E-5
5200000.0 ; 2.347436E-5
5230000.0 ; 2.367708E-5
5280000.0 ; 2.401624E-5
5300000.0 ; 2.415235E-5
5330000.0 ; 2.435699E-5
5335000.0 ; 2.439115E-5
5340000.0 ; 2.442533E-5
5360000.0 ; 2.45622E-5
5362000.0 ; 2.45759E-5
5370000.0 ; 2.463073E-5
5371000.0 ; 2.463759E-5
5378000.0 ; 2.46856E-5
5380000.0 ; 2.469932E-5
5390000.0 ; 2.476798E-5
5400000.0 ; 2.48367E-5
5410000.0 ; 2.490548E-5
5420000.0 ; 2.497433E-5
5430000.0 ; 2.504324E-5
5440000.0 ; 2.511221E-5
5460000.0 ; 2.525034E-5
5474740.0 ; 2.53523E-5
5500000.0 ; 2.570605E-5
5550000.0 ; 2.641597E-5
5553000.0 ; 2.645897E-5
5600000.0 ; 2.713886E-5
5650000.0 ; 2.787484E-5
5700000.0 ; 2.862403E-5
5800000.0 ; 3.016251E-5
5900000.0 ; 3.175526E-5
6000000.0 ; 3.34032E-5
6050000.0 ; 3.412156E-5
6053000.0 ; 3.416496E-5
6125000.0 ; 3.521664E-5
6160000.0 ; 3.573491E-5
6174000.0 ; 3.594351E-5
6180000.0 ; 3.603314E-5
6181200.0 ; 3.605108E-5
6181241.0 ; 3.60517E-5
6190000.0 ; 3.618283E-5
6200000.0 ; 3.633289E-5
6210000.0 ; 3.648333E-5
6220000.0 ; 3.663415E-5
6230000.0 ; 3.678535E-5
6240000.0 ; 3.693693E-5
6250000.0 ; 3.708889E-5
6285000.0 ; 3.762375E-5
6295000.0 ; 3.777743E-5
6303000.0 ; 3.790065E-5
6310000.0 ; 3.800866E-5
6320000.0 ; 3.816329E-5
6330000.0 ; 3.831831E-5
6340000.0 ; 3.847371E-5
6350000.0 ; 3.862949E-5
6360000.0 ; 3.878566E-5
6370000.0 ; 3.894221E-5
6390000.0 ; 3.925647E-5
6400000.0 ; 3.941418E-5
6410000.0 ; 3.957227E-5
6420000.0 ; 3.973075E-5
6430000.0 ; 3.988962E-5
6440000.0 ; 4.004887E-5
6450000.0 ; 4.020851E-5
6470000.0 ; 4.052895E-5
6490000.0 ; 4.085095E-5
6510000.0 ; 4.11745E-5
6540000.0 ; 4.166275E-5
6553000.0 ; 4.187542E-5
6558080.0 ; 4.19587E-5
6560000.0 ; 4.199815E-5
6570000.0 ; 4.220405E-5
6580000.0 ; 4.241064E-5
6590000.0 ; 4.261793E-5
6600000.0 ; 4.282591E-5
6620000.0 ; 4.324397E-5
6640000.0 ; 4.366483E-5
6658000.0 ; 4.404601E-5
6665000.0 ; 4.419486E-5
6670000.0 ; 4.43014E-5
6680000.0 ; 4.4515E-5
6700000.0 ; 4.494433E-5
6750000.0 ; 4.60301E-5
6810000.0 ; 4.735671E-5
6920000.0 ; 4.985679E-5
7000000.0 ; 5.17311E-5
7053000.0 ; 5.282094E-5
7100000.0 ; 5.379957E-5
7140000.0 ; 5.464149E-5
7180000.0 ; 5.549178E-5
7200000.0 ; 5.592007E-5
7220000.0 ; 5.635046E-5
7225000.0 ; 5.645839E-5
7250000.0 ; 5.700001E-5
7270000.0 ; 5.743568E-5
7280000.0 ; 5.765431E-5
7340000.0 ; 5.897726E-5
7350000.0 ; 5.919961E-5
7360000.0 ; 5.94225E-5
7370000.0 ; 5.964593E-5
7400000.0 ; 6.031942E-5
7420000.0 ; 6.077109E-5
7470000.0 ; 6.190971E-5
7529000.0 ; 6.327068E-5
7542000.0 ; 6.35731E-5
7553000.0 ; 6.382971E-5
7594000.0 ; 6.479199E-5
7620000.0 ; 6.540699E-5
7641410.0 ; 6.59162E-5
7650000.0 ; 6.609031E-5
7667000.0 ; 6.643565E-5
7680000.0 ; 6.670044E-5
7698000.0 ; 6.706807E-5
7700000.0 ; 6.710898E-5
7725000.0 ; 6.762168E-5
7745000.0 ; 6.803345E-5
7750000.0 ; 6.813661E-5
7770000.0 ; 6.855018E-5
7789000.0 ; 6.89444E-5
7810000.0 ; 6.938162E-5
7819000.0 ; 6.956949E-5
7860000.0 ; 7.042902E-5
7886400.0 ; 7.098569E-5
7886448.0 ; 7.09867E-5
7888000.0 ; 7.101951E-5
7897000.0 ; 7.120991E-5
7930000.0 ; 7.191055E-5
7936000.0 ; 7.203836E-5
8000000.0 ; 7.34098E-5
8005000.0 ; 7.350908E-5
8010000.0 ; 7.360843E-5
8014000.0 ; 7.368796E-5
8044000.0 ; 7.428592E-5
8053000.0 ; 7.446581E-5
8079000.0 ; 7.498682E-5
8080000.0 ; 7.50069E-5
8100000.0 ; 7.540907E-5
8101000.0 ; 7.54292E-5
8105000.0 ; 7.550979E-5
8109000.0 ; 7.559042E-5
8120000.0 ; 7.581239E-5
8131000.0 ; 7.603471E-5
8138000.0 ; 7.617636E-5
8160000.0 ; 7.66225E-5
8166000.0 ; 7.674442E-5
8200000.0 ; 7.743724E-5
8210000.0 ; 7.764165E-5
8218000.0 ; 7.780539E-5
8240000.0 ; 7.825662E-5
8280000.0 ; 7.908064E-5
8295800.0 ; 7.940741E-5
8296200.0 ; 7.941569E-5
8296218.0 ; 7.941606E-5
8320000.0 ; 7.99093E-5
8330000.0 ; 8.01172E-5
8391000.0 ; 8.139163E-5
8400000.0 ; 8.158057E-5
8426000.0 ; 8.212774E-5
8448000.0 ; 8.259226E-5
8450000.0 ; 8.263456E-5
8480000.0 ; 8.327045E-5
8499500.0 ; 8.368519E-5
8500000.0 ; 8.369583E-5
8520000.0 ; 8.412238E-5
8553000.0 ; 8.482874E-5
8600000.0 ; 8.584024E-5
8611000.0 ; 8.60779E-5
8664000.0 ; 8.722798E-5
8700000.0 ; 8.801384E-5
8708000.0 ; 8.818899E-5
8724740.0 ; 8.85561E-5
8750000.0 ; 8.852151E-5
8768000.0 ; 8.849694E-5
8800000.0 ; 8.845339E-5
8833000.0 ; 8.840866E-5
8850000.0 ; 8.838569E-5
8885000.0 ; 8.833857E-5
8920000.0 ; 8.829165E-5
8940000.0 ; 8.826494E-5
8980000.0 ; 8.821171E-5
9000000.0 ; 8.81852E-5
9005000.0 ; 8.817813E-5
9020000.0 ; 8.815694E-5
9030000.0 ; 8.814284E-5
9045000.0 ; 8.812172E-5
9053000.0 ; 8.811048E-5
9067000.0 ; 8.809082E-5
9080000.0 ; 8.80726E-5
9149000.0 ; 8.79764E-5
9163000.0 ; 8.795698E-5
9180000.0 ; 8.793345E-5
9219000.0 ; 8.787964E-5
9250000.0 ; 8.783706E-5
9254000.0 ; 8.783158E-5
9300000.0 ; 8.776873E-5
9360000.0 ; 8.768728E-5
9400000.0 ; 8.763331E-5
9450000.0 ; 8.756622E-5
9500000.0 ; 8.749953E-5
9522000.0 ; 8.747032E-5
9553000.0 ; 8.742928E-5
9560000.0 ; 8.742003E-5
9590000.0 ; 8.73805E-5
9600000.0 ; 8.736735E-5
9630000.0 ; 8.732801E-5
9640000.0 ; 8.731492E-5
9678000.0 ; 8.726534E-5
9680000.0 ; 8.726274E-5
9692000.0 ; 8.724713E-5
9700000.0 ; 8.723674E-5
9726000.0 ; 8.720304E-5
9740000.0 ; 8.718493E-5
9750000.0 ; 8.717201E-5
9800000.0 ; 8.710766E-5
9808080.0 ; 8.70973E-5
9821000.0 ; 8.693788E-5
9830000.0 ; 8.682712E-5
9868000.0 ; 8.636213E-5
9900000.0 ; 8.597388E-5
9917000.0 ; 8.576883E-5
9921000.0 ; 8.572071E-5
1.0E7 ; 8.47797E-5
1.005E7 ; 8.410996E-5
1.0053E7 ; 8.407005E-5
1.017E7 ; 8.25373E-5
1.025E7 ; 8.151527E-5
1.03E7 ; 8.088693E-5
1.0372E7 ; 7.999588E-5
1.04E7 ; 7.965367E-5
1.0448E7 ; 7.907254E-5
1.044806E7 ; 7.907182E-5
1.0478E7 ; 7.871284E-5
1.05E7 ; 7.845074E-5
1.0506E7 ; 7.837951E-5
1.0536E7 ; 7.802492E-5
1.055E7 ; 7.786034E-5
1.0553E7 ; 7.782514E-5
1.062E7 ; 7.704584E-5
1.069E7 ; 7.624513E-5
1.07E7 ; 7.613185E-5
1.075E7 ; 7.556954E-5
1.08E7 ; 7.501396E-5
1.083E7 ; 7.46838E-5
1.08914E7 ; 7.40154E-5
1.09E7 ; 7.391359E-5
1.094E7 ; 7.344296E-5
1.1E7 ; 7.27458E-5
1.1004E7 ; 7.269275E-5
1.1053E7 ; 7.204752E-5
1.1096E7 ; 7.148834E-5
1.11E7 ; 7.143666E-5
1.1166E7 ; 7.059187E-5
1.117E7 ; 7.054115E-5
1.125E7 ; 6.953815E-5
1.13E7 ; 6.89221E-5
1.14E7 ; 6.771426E-5
1.15E7 ; 6.653787E-5
1.1553E7 ; 6.592675E-5
1.1708E7 ; 6.418702E-5
1.175E7 ; 6.372745E-5
1.1751E7 ; 6.371657E-5
1.18E7 ; 6.318674E-5
1.1828E7 ; 6.288694E-5
1.19E7 ; 6.212574E-5
1.1909E7 ; 6.203156E-5
1.1917E7 ; 6.194803E-5
1.19747E7 ; 6.13505E-5
1.2E7 ; 6.10971E-5
1.205E7 ; 6.053147E-5
1.2053E7 ; 6.049777E-5
1.2088E7 ; 6.010664E-5
1.21E7 ; 5.997338E-5
1.2196E7 ; 5.892253E-5
1.2224E7 ; 5.862105E-5
1.225E7 ; 5.83431E-5
1.23E7 ; 5.781391E-5
1.24E7 ; 5.677617E-5
1.25E7 ; 5.576517E-5
1.2553E7 ; 5.523988E-5
1.2599E7 ; 5.478974E-5
1.27E7 ; 5.381985E-5
1.2738E7 ; 5.346136E-5
1.2792E7 ; 5.295785E-5
1.29E7 ; 5.197121E-5
1.299E7 ; 5.11692E-5
1.3E7 ; 5.10812E-5
1.3053E7 ; 5.055019E-5
1.30581E7 ; 5.04995E-5
1.31E7 ; 5.133073E-5
1.312E7 ; 5.173136E-5
1.325E7 ; 5.439715E-5
1.328E7 ; 5.502773E-5
1.33E7 ; 5.545137E-5
1.35E7 ; 5.98338E-5
1.35208E7 ; 6.03051E-5
1.354E7 ; 6.068872E-5
1.3553E7 ; 6.094953E-5
1.3587E7 ; 6.163577E-5
1.3646E7 ; 6.284083E-5
1.37E7 ; 6.395971E-5
1.3767E7 ; 6.536939E-5
1.376742E7 ; 6.53783E-5
1.3822E7 ; 6.654451E-5
1.383E7 ; 6.671679E-5
1.3965E7 ; 6.967665E-5
1.4E7 ; 7.04604E-5
1.4053E7 ; 7.157258E-5
1.41414E7 ; 7.34572E-5
1.4182E7 ; 7.500355E-5
1.425E7 ; 7.765641E-5
1.4364E7 ; 8.228555E-5
1.4419E7 ; 8.46027E-5
1.4472E7 ; 8.688862E-5
1.45E7 ; 8.811763E-5
1.4553E7 ; 9.048507E-5
1.45644E7 ; 9.10014E-5
1.4566E7 ; 9.106285E-5
1.4653E7 ; 9.445715E-5
1.4694E7 ; 9.60931E-5
1.475E7 ; 9.836586E-5
1.4767E7 ; 9.906464E-5
1.4807E7 ; 1.007252E-4
1.4812E7 ; 1.009344E-4
1.4837E7 ; 1.019859E-4
1.4863E7 ; 1.030892E-4
1.4887E7 ; 1.041164E-4
1.4888E7 ; 1.041594E-4
1.4892E7 ; 1.043315E-4
1.4906E7 ; 1.049357E-4
1.4909E7 ; 1.050656E-4
1.4927E7 ; 1.058476E-4
1.4954E7 ; 1.070296E-4
1.4962E7 ; 1.07382E-4
1.4996E7 ; 1.088904E-4
1.5E7 ; 1.09069E-4
1.5006E7 ; 1.093098E-4
1.5045E7 ; 1.108858E-4
1.5053E7 ; 1.112114E-4
1.5093E7 ; 1.12851E-4
1.52247E7 ; 1.1839E-4
1.5248E7 ; 1.194503E-4
1.5263E7 ; 1.201371E-4
1.52634E7 ; 1.201554E-4
1.5448E7 ; 1.288796E-4
1.5477E7 ; 1.302966E-4
1.55E7 ; 1.314297E-4
1.5553E7 ; 1.340716E-4
1.5731E7 ; 1.432689E-4
1.5966E7 ; 1.562065E-4
1.597E7 ; 1.564348E-4
1.599E7 ; 1.575805E-4
1.6E7 ; 1.58156E-4
1.6053E7 ; 1.607893E-4
1.6068E7 ; 1.615409E-4
1.6256E7 ; 1.712016E-4
1.63081E7 ; 1.73959E-4
1.6347E7 ; 1.754562E-4
1.634745E7 ; 1.754735E-4
1.6443E7 ; 1.791908E-4
1.65E7 ; 1.814352E-4
1.6532E7 ; 1.82704E-4
1.6553E7 ; 1.835402E-4
1.6695E7 ; 1.892669E-4
1.682E7 ; 1.944139E-4
1.6824E7 ; 1.945802E-4
1.6974E7 ; 2.00893E-4
1.7E7 ; 2.02002E-4
1.7053E7 ; 2.041012E-4
1.7074E7 ; 2.049371E-4
1.7138E7 ; 2.074995E-4
1.7298E7 ; 2.140033E-4
1.729816E7 ; 2.140098E-4
1.73E7 ; 2.140855E-4
1.7301E7 ; 2.141266E-4
1.73914E7 ; 2.17865E-4
1.7431E7 ; 2.184736E-4
1.74315E7 ; 2.184812E-4
1.7467E7 ; 2.190271E-4
1.75E7 ; 2.195347E-4
1.7553E7 ; 2.203504E-4
1.7616E7 ; 2.213207E-4
1.7687E7 ; 2.224152E-4
1.79E7 ; 2.257046E-4
1.7901E7 ; 2.257201E-4
1.8E7 ; 2.27252E-4
1.8053E7 ; 2.280674E-4
1.8087E7 ; 2.285908E-4
1.8158E7 ; 2.296844E-4
1.8273E7 ; 2.314578E-4
1.846E7 ; 2.343466E-4
1.84747E7 ; 2.34574E-4
1.85E7 ; 2.344492E-4
1.8516E7 ; 2.343704E-4
1.8553E7 ; 2.341886E-4
1.8632E7 ; 2.338021E-4
1.87E7 ; 2.334712E-4
1.8833E7 ; 2.328288E-4
1.9E7 ; 2.32031E-4
1.903E7 ; 2.318829E-4
1.9034E7 ; 2.318632E-4
1.9053E7 ; 2.317696E-4
1.9185E7 ; 2.311231E-4
1.9346E7 ; 2.30343E-4
1.95E7 ; 2.296052E-4
1.9511E7 ; 2.295528E-4
1.9553E7 ; 2.293532E-4
1.95581E7 ; 2.29329E-4
1.96E7 ; 2.281538E-4
1.9661E7 ; 2.264581E-4
1.9794E7 ; 2.228222E-4
1.9892E7 ; 2.201958E-4
1.999999E7 ; 2.173523E-4
2.000001E7 ; 2.11267E-4
2.029547E7 ; 2.107891E-4
2.1E7 ; 2.096496E-4
2.2E7 ; 2.080321E-4
2.3E7 ; 2.064147E-4
2.4E7 ; 2.047973E-4
2.427894E7 ; 2.043461E-4
2.448686E7 ; 2.040098E-4
2.5E7 ; 2.031798E-4
2.6E7 ; 2.015624E-4
2.7E7 ; 1.999449E-4
2.705867E7 ; 1.998501E-4
2.730389E7 ; 1.994534E-4
2.8E7 ; 1.983275E-4
2.847293E7 ; 1.975626E-4
2.892336E7 ; 1.96834E-4
2.9E7 ; 1.967101E-4
3.0E7 ; 1.950926E-4
3.1E7 ; 1.934752E-4
3.2E7 ; 1.918578E-4
3.213834E7 ; 1.91634E-4
3.3E7 ; 1.902403E-4
3.4E7 ; 1.886229E-4
3.451838E7 ; 1.877844E-4
3.5E7 ; 1.870054E-4
3.509196E7 ; 1.868567E-4
3.6E7 ; 1.85388E-4
3.7E7 ; 1.837706E-4
3.8E7 ; 1.821531E-4
3.9E7 ; 1.805357E-4
4.0E7 ; 1.789182E-4
4.1E7 ; 1.773008E-4
4.2E7 ; 1.756834E-4
4.3E7 ; 1.740659E-4
4.4E7 ; 1.724485E-4
4.5E7 ; 1.708311E-4
4.6E7 ; 1.692136E-4
4.7E7 ; 1.675962E-4
4.8E7 ; 1.659787E-4
4.9E7 ; 1.643613E-4
5.0E7 ; 1.627439E-4
5.1E7 ; 1.611264E-4
5.2E7 ; 1.59509E-4
5.3E7 ; 1.578915E-4
5.4E7 ; 1.562741E-4
5.5E7 ; 1.546567E-4
5.6E7 ; 1.530392E-4
5.658661E7 ; 1.520904E-4
5.7E7 ; 1.514218E-4
5.75937E7 ; 1.504615E-4
5.8E7 ; 1.498043E-4
5.9E7 ; 1.481869E-4
6.0E7 ; 1.465695E-4
6.1E7 ; 1.44952E-4
6.2E7 ; 1.433346E-4
6.3E7 ; 1.417172E-4
6.4E7 ; 1.400997E-4
6.5E7 ; 1.384823E-4
6.6E7 ; 1.368648E-4
6.7E7 ; 1.352474E-4
6.8E7 ; 1.3363E-4
6.9E7 ; 1.320125E-4
7.0E7 ; 1.303951E-4
7.1E7 ; 1.287776E-4
7.2E7 ; 1.271602E-4
7.3E7 ; 1.255428E-4
7.4E7 ; 1.239253E-4
7.5E7 ; 1.223079E-4
7.6E7 ; 1.206905E-4
7.7E7 ; 1.19073E-4
7.8E7 ; 1.174556E-4
7.9E7 ; 1.158381E-4
8.0E7 ; 1.142207E-4
8.1E7 ; 1.126033E-4
8.2E7 ; 1.109858E-4
8.3E7 ; 1.093684E-4
8.4E7 ; 1.077509E-4
8.5E7 ; 1.061335E-4
8.6E7 ; 1.045161E-4
8.7E7 ; 1.028986E-4
8.8E7 ; 1.012812E-4
8.9E7 ; 9.966375E-5
9.0E7 ; 9.804632E-5
9.1E7 ; 9.642888E-5
9.2E7 ; 9.481144E-5
9.3E7 ; 9.3194E-5
9.4E7 ; 9.157656E-5
9.5E7 ; 8.995912E-5
9.6E7 ; 8.834168E-5
9.7E7 ; 8.672425E-5
9.8E7 ; 8.510681E-5
9.9E7 ; 8.348937E-5
1.0E8 ; 8.187193E-5
1.02E8 ; 7.863705E-5
1.04E8 ; 7.540217E-5
1.06E8 ; 7.21673E-5
1.08E8 ; 6.893242E-5
1.1E8 ; 6.569754E-5
1.12E8 ; 6.246267E-5
1.14E8 ; 5.922779E-5
1.16E8 ; 5.599291E-5
1.18E8 ; 5.275803E-5
1.2E8 ; 4.952316E-5
1.22E8 ; 4.628828E-5
1.24E8 ; 4.30534E-5
1.26E8 ; 3.981853E-5
1.28E8 ; 3.658365E-5
1.3E8 ; 3.334877E-5
1.32E8 ; 3.011389E-5
1.34E8 ; 2.687902E-5
1.36E8 ; 2.364414E-5
1.38E8 ; 2.040926E-5
1.4E8 ; 1.717439E-5
1.42E8 ; 1.393951E-5
1.44E8 ; 1.070463E-5
1.46E8 ; 7.469754E-6
1.48E8 ; 4.234877E-6
1.5E8 ; 1.0E-6
